gene_symbol,log2FoldChange,pvalue
A2M,0.9341289198606262,0.0
ABCB1,-0.09694541231126497,0.746
ABCF1,0.32102206736353267,0.149
ABL1,0.574965156794427,0.004
ADA,0.42454123112659836,0.191
ADORA2A,0.05429152148663974,0.676
AGK,0.5704645760743352,0.249
AICDA,0.0827816492450637,0.866
AIRE,-0.964518002322881,0.202
AKT3,-0.03568524970964049,0.776
ALAS1,0.2571370499419281,0.493
ALCAM,0.3939953542392569,0.226
AMBP,-0.11369337979094096,0.819
AMICA1,-0.13849012775841985,0.226
AMMECR1L,0.21325783972125656,0.204
ANP32B,-0.27290360046457174,0.038
ANXA1,0.9821312427410014,0.003
APOE,0.417909407665503,0.058
APP,0.8579442508710802,0.006
ARG1,-0.20173635307781668,0.787
ARG2,0.402816492450639,0.492
ATF1,0.47309523809523757,0.181
ATF2,0.5150638792102207,0.082
ATG10,0.20584204413472484,0.515
ATG12,0.42734030197444817,0.298
ATG16L1,0.23293844367015204,0.393
ATG5,0.5853542392566791,0.134
ATG7,0.22054006968641104,0.072
ATM,-1.1639488966318234,0.002
AXL,0.8088211382113837,0.0
BAGE,-0.0848432055749131,0.871
BATF,-0.25652148664343777,0.085
BAX,-0.031242740998839835,0.766
BCL10,-0.18302555168408752,0.085
BCL2,-0.344529616724742,0.141
BCL2L1,0.1654123112659711,0.085
BCL6,0.3777119628339154,0.163
BID,0.3274912891986066,0.465
BIRC5,-0.2085481997677121,0.307
BLK,-0.5485540069686401,0.212
BLNK,-0.10119047619047628,0.72
BMI1,0.3813182346109194,0.163
BST1,0.5037979094076661,0.015
BST2,-0.1396922183507563,0.302
BTK,-0.3836062717770048,0.008
BTLA,-0.5926306620209072,0.019
C1QA,0.6299883855981427,0.068
C1QB,0.5618931475029036,0.129
C1QBP,0.1652787456445992,0.31
C1R,1.1300058072009307,0.003
C1S,0.7379500580720109,0.009
C2,0.2112601626016275,0.412
C3,0.6318699186991878,0.192
C3AR1,0.5615447154471553,0.019
C4B,-0.17017421602787586,0.533
C4BPA,-0.09349012775842058,0.863
C5,0.40808362369338,0.306
C6,0.3695005807200924,0.636
C7,-0.7317828106852495,0.039
C8A,0.0011788617886177022,1.0
C8B,0.5066260162601626,0.403
C8G,-0.6068699186991875,0.247
C9,0.15578397212543438,0.777
CAMP,0.4090534262485481,0.545
CARD11,-0.6619512195121935,0.001
CARD9,-0.10181765389082109,0.658
CASP1,0.40175377468060347,0.293
CASP10,-0.2992915214866434,0.687
CASP3,-0.2636004645760721,0.038
CASP8,-0.21670731707316904,0.031
CC2D1B,0.09379790940766508,0.81
CCL1,0.43926248548199753,0.481
CCL11,0.7349535423925673,0.364
CCL13,0.6008420441347262,0.364
CCL14,0.8744831591173048,0.047
CCL15,-0.11199186991869903,0.85
CCL16,0.3339372822299651,0.637
CCL17,-0.643310104529613,0.279
CCL18,1.7303716608594666,0.001
CCL19,-0.09624274099883756,0.725
CCL2,0.9900638792102221,0.019
CCL20,1.106068524970965,0.082
CCL21,-0.9513588850174184,0.082
CCL22,0.7204529616724749,0.292
CCL23,1.3517073170731715,0.068
CCL24,0.05217189314750481,0.938
CCL25,0.41391986062717767,0.495
CCL26,-0.7025145180023227,0.248
CCL27,-0.08701509872241586,0.844
CCL28,-0.044512195121951204,0.745
CCL3,0.5595470383275281,0.088
CCL3L1,0.7090476190476185,0.015
CCL4,0.41229384436701544,0.124
CCL5,-0.15115563298490287,0.437
CCL7,0.4761091753774682,0.098
CCL8,0.862886178861789,0.097
CCND3,-0.32245063879210356,0.017
CCR1,1.0805574912891993,0.036
CCR2,0.35437282229965383,0.184
CCR3,0.02790940766550487,0.973
CCR4,0.3056562137049941,0.455
CCR5,0.04628339140534443,0.811
CCR6,0.05580720092915392,0.929
CCR7,-0.4193902439024395,0.109
CCR9,-0.23513356562137067,0.759
CCRL2,0.5665156794425084,0.108
CD14,0.6330487804878047,0.009
CD160,-0.7776074332171898,0.307
CD163,1.0825609756097556,0.01
CD164,0.39739837398373723,0.088
CD180,-0.6201974448315912,0.0
CD19,-0.9571254355400693,0.007
CD1A,-0.5358478513356557,0.4
CD1B,0.41659698025551695,0.522
CD1C,-0.21480255516840874,0.747
CD1D,0.039663182346107995,0.871
CD1E,-0.9666608594657369,0.215
CD2,-0.09950058072009327,0.724
CD200,0.16775261324042035,0.353
CD207,-0.2186469221835079,0.731
CD209,0.8264518002322889,0.101
CD22,-0.9157200929152136,0.0
CD24,-0.972317073170732,0.0
CD244,-0.2457026713124275,0.624
CD247,-0.16422183507549448,0.459
CD27,-0.48837979094076545,0.005
CD274,0.3937979094076649,0.107
CD276,0.725993031358886,0.003
CD28,-0.12335075493612102,0.791
CD33,0.7551916376306629,0.055
CD34,0.2856504065040637,0.283
CD36,0.5019512195121951,0.154
CD37,-0.6257607433217185,0.002
CD38,0.058455284552845654,0.775
CD3D,-0.5780545876887349,0.004
CD3E,-0.4661904761904765,0.027
CD3EAP,0.18508710801394024,0.441
CD3G,-0.6979268292682912,0.067
CD4,-0.19315331010453107,0.178
CD40,0.1694483159117297,0.388
CD40LG,-0.3391927990708492,0.186
CD44,0.09498257839720736,0.691
CD46,0.404866434378631,0.065
CD47,0.14491289198605983,0.721
CD48,-0.09591753774680534,0.545
CD5,-0.27698606271777315,0.479
CD53,0.4453542392566785,0.156
CD55,0.1900987224157955,0.632
CD58,0.8357433217189296,0.008
CD59,0.397822299651569,0.004
CD6,-0.497915214866433,0.085
CD63,0.12404761904761585,0.518
CD68,0.5383275261324076,0.012
CD7,-0.4299012775842055,0.14
CD70,-0.3463646922183514,0.397
CD74,0.1392334494773504,0.439
CD79A,-0.7558420441347291,0.006
CD79B,-0.8752845528455282,0.002
CD80,0.39630081300812847,0.056
CD81,0.6473112659697993,0.055
CD83,-0.12893728222996437,0.474
CD84,0.05177700348432346,0.61
CD86,0.8741405342624855,0.047
CD8A,-0.36810104529616794,0.146
CD8B,-0.6515040650406521,0.085
CD9,1.2336469221835067,0.002
CD96,-0.1965911730545855,0.528
CD97,0.33207897793263896,0.085
CD99,0.5347328687572581,0.012
CDH1,-1.052061556329849,0.009
CDH5,0.7515911730545897,0.026
CDK1,0.15618466898954786,0.635
CDKN1A,0.45696283391405323,0.007
CEACAM1,-0.5361672473867598,0.257
CEACAM6,0.3177003484320555,0.641
CEACAM8,-0.35185249709639965,0.562
CEBPB,1.5099245063879199,0.006
CFB,0.6619454123112671,0.013
CFD,0.9134843205574912,0.003
CFI,0.4617131242741017,0.077
CFP,-0.12269454123112666,0.411
CHIT1,1.0112078977932635,0.181
CHUK,-0.03755516840882578,0.645
CKLF,0.2974099883855974,0.413
CLEC4A,0.007735191637630479,0.979
CLEC4C,-0.9663124274099886,0.038
CLEC5A,1.5409407665505226,0.005
CLEC6A,0.15686411149825652,0.816
CLEC7A,1.0078339140534256,0.016
CLU,-0.504117305458768,0.42
CMA1,-0.8439663182346107,0.166
CMKLR1,0.3907375145180012,0.02
CNOT10,-0.1260452961672467,0.232
CNOT4,0.1266724738675986,0.379
COG7,0.12309523809523881,0.138
COL3A1,1.4461498257839693,0.014
COLEC12,0.5831997677119638,0.327
CR1,0.3106504065040667,0.216
CR2,-1.0359349593495928,0.023
CREB1,0.15084204413472513,0.224
CREB5,0.7604645760743329,0.036
CREBBP,0.12059233449477347,0.67
CRP,-0.05346689895470402,0.896
CSF1,0.18759001161440203,0.296
CSF1R,0.5270963995354254,0.094
CSF2,0.06568524970964074,0.904
CSF2RB,-0.06480255516840927,0.755
CSF3,0.41497677119628373,0.398
CSF3R,0.9353252032520327,0.004
CT45A1,0.1571544715447155,0.928
CTAG1B,0.16205574912891985,0.465
CTAGE1,-0.10463414634146351,0.889
CTCFL,-0.12771196283391384,0.863
CTLA4,-0.21403600464576122,0.401
CTSG,-1.0870557491289192,0.13
CTSH,0.9895180023228818,0.048
CTSL,1.3617595818815325,0.009
CTSS,0.685447154471543,0.005
CTSW,-0.05489547038327558,0.858
CX3CL1,0.8678106852497098,0.073
CX3CR1,-0.18752613240418103,0.639
CXCL1,0.8806736353077813,0.03
CXCL10,-0.026114982578395285,0.964
CXCL11,-0.5332462253193961,0.384
CXCL12,1.0321835075493642,0.013
CXCL13,0.3422241579558669,0.437
CXCL14,-0.0070499419279865805,0.983
CXCL16,0.7468699186991863,0.009
CXCL2,1.5265737514517994,0.0
CXCL3,1.5623170731707328,0.002
CXCL5,1.7287572590011617,0.017
CXCL6,0.27767711962833985,0.739
CXCL9,-0.1669628339140541,0.749
CXCR1,0.5265679442508713,0.32
CXCR2,0.9904355400696856,0.171
CXCR3,-0.30131823461091933,0.205
CXCR4,0.39273519163763027,0.019
CXCR5,-0.8419396051103369,0.001
CXCR6,-0.019396051103367284,0.924
CYBB,0.39313588850174064,0.031
CYFIP2,-0.1590011614401856,0.534
CYLD,-0.30048199767711914,0.012
DDX43,-0.09713124274099894,0.869
DDX50,0.10883855981416879,0.517
DDX58,0.5401742160278751,0.122
DEFB1,-0.0875667828106852,0.911
DHX16,-0.015058072009288992,0.951
DMBT1,0.2862891986062718,0.461
DNAJC14,-0.2235714285714261,0.108
DOCK9,0.0362311265969808,0.929
DPP4,0.3586178861788616,0.387
DUSP4,0.8790592334494756,0.042
DUSP6,0.9818931475029036,0.024
EBI3,0.12087688734030078,0.73
ECSIT,-0.189494773519165,0.171
EDC3,0.37542392566782823,0.25
EGR1,0.4452787456445986,0.124
EGR2,0.2412775842044148,0.205
EIF2B4,-0.05163763066202165,0.45
ELANE,-0.49855400696864094,0.258
ELK1,0.012212543554006139,0.913
ENG,0.5931533101045279,0.031
ENTPD1,0.2585423925667847,0.136
EOMES,-0.8147851335656222,0.039
EP300,0.4504587688734034,0.135
EPCAM,0.25378629500580696,0.695
ERCC3,-0.14929732868757384,0.096
ETS1,-0.1430023228803723,0.452
EWSR1,0.06927990708478404,0.284
F12,-0.2051800232288039,0.755
F13A1,1.067427409988385,0.007
F2RL1,0.10880952380952413,0.871
FADD,-0.05963414634146247,0.693
FAS,0.4214866434378619,0.13
FCER1A,-0.32792682926829153,0.657
FCER1G,0.8166898954703825,0.024
FCER2,-1.3292915214866445,0.003
FCF1,0.1798664343786296,0.397
FCGR1A,0.7688269454123118,0.211
FCGR2A,0.8425783972125434,0.001
FCGR2B,0.5572473867595829,0.048
FCGR3A,1.5183101045296166,0.005
FEZ1,0.35778745644599574,0.163
FLT3,-1.2478164924506396,0.001
FLT3LG,-0.426811846689894,0.0
FN1,1.9364169570267133,0.002
FOS,1.1585656213704993,0.016
FOXJ1,-0.47422183507549365,0.085
FOXP3,-0.20482578397212414,0.611
FPR2,1.0795876887340308,0.039
FUT5,-0.05567363530778158,0.984
FUT7,-0.5284494773519164,0.039
FYN,-0.2928977932636432,0.154
G6PD,-0.21875725900116194,0.048
GAGE1,-0.09727642276422754,0.861
GATA3,-0.44013937282229953,0.37
GNLY,-0.4373751451800221,0.102
GPATCH3,-0.22588269454123377,0.233
GPI,0.39157375145179785,0.002
GTF3C1,0.032944250871079106,0.667
GUSB,0.36869337979093864,0.065
GZMA,-0.20480836236933797,0.354
GZMB,0.19485481997677212,0.654
GZMH,-0.07776422764227675,0.84
GZMK,-0.28020325203252305,0.209
GZMM,-0.6295005807200944,0.025
HAMP,0.7603890824622521,0.155
HAVCR2,0.6609291521486647,0.05
HCK,0.3382578397212548,0.03
HDAC3,-0.043327526132403094,0.691
HLA-A,0.2702729384436715,0.249
HLA-B,-0.023966318234615258,0.876
HLA-C,-0.2073983739837395,0.274
HLA-DMA,-0.02876306620209057,0.796
HLA-DMB,0.31262485481997615,0.15
HLA-DOB,-0.5264750290360052,0.003
HLA-DPA1,0.29502903600464414,0.217
HLA-DPB1,0.1698025551684097,0.444
HLA-DQA1,-2.1200638792102184,0.181
HLA-DQB1,-1.7080371660859468,0.229
HLA-DRA,0.25238095238095326,0.274
HLA-DRB3,-0.2222996515679423,0.423
HLA-DRB4,-0.19465156794425198,0.881
HLA-E,-0.051358885017421585,0.806
HLA-G,0.22815911730545935,0.53
HMGB1,0.012206736353077119,0.912
HPRT1,-0.1949709639953543,0.071
HRAS,0.2619279907084806,0.344
HSD11B1,0.4716782810685256,0.31
ICAM1,0.7330487804878061,0.0
ICAM2,0.1627874564459919,0.514
ICAM3,-0.37724738675958136,0.001
ICAM4,0.24861788617886216,0.573
ICOS,-0.34299070847851354,0.298
ICOSLG,-0.22455865272938613,0.216
IDO1,-0.07604529616724598,0.824
IFI16,-0.08686991869918792,0.472
IFI27,0.6922125435540067,0.005
IFI35,-0.1425551684088262,0.562
IFIH1,-0.08275842044134585,0.518
IFIT1,-0.3512253193960513,0.459
IFIT2,0.3877468060394893,0.399
IFITM1,0.31849593495934947,0.284
IFITM2,0.10027874564460149,0.433
IFNA1,-0.07499419279907049,0.906
IFNA17,-0.08706155632984913,0.922
IFNA2,0.10724738675958201,0.822
IFNA7,-0.6417944250871082,0.414
IFNA8,-0.07126016260162604,0.945
IFNAR1,0.08540650406504291,0.431
IFNAR2,-0.042073170731706355,0.535
IFNB1,-0.0317131242741,0.96
IFNG,-0.2744715447154462,0.61
IFNGR1,0.5722648083623696,0.025
IFNL1,-0.046533101045295844,0.874
IFNL2,-0.10444250871080185,0.884
IGF1R,-0.16018002322880243,0.326
IGF2R,0.5482984901277597,0.109
IGLL1,-0.09285714285714297,0.878
IKBKB,-0.3030429732868747,0.035
IKBKE,-0.14595818815331008,0.262
IKBKG,-0.09436120789779423,0.167
IL10,0.45384436701509845,0.188
IL10RA,0.18440185830429634,0.069
IL11,1.393403019744483,0.034
IL11RA,-0.0019279907084781556,0.997
IL12A,0.16974448315911728,0.739
IL12B,-0.025993031358884755,0.99
IL12RB1,-0.2908072009291516,0.078
IL12RB2,0.21407665505226348,0.636
IL13,-0.5430371660859468,0.362
IL13RA1,0.4484959349593485,0.001
IL13RA2,-0.8439140534262481,0.235
IL15,0.03993031358885091,0.854
IL15RA,0.3961498257839722,0.019
IL16,-0.5162253193960495,0.0
IL17A,0.0501684088269454,0.917
IL17B,-0.022299651567944334,0.943
IL17F,-0.1518873403019747,0.807
IL17RA,0.13875725900116187,0.132
IL17RB,0.9124622531939606,0.127
IL18,0.19692218350754942,0.341
IL18R1,-0.04299651567944096,0.786
IL18RAP,-0.018763066202089895,0.98
IL19,-0.1264576074332171,0.634
IL1A,0.8384727061556332,0.202
IL1B,1.3305923344947734,0.008
IL1R1,1.2505284552845506,0.002
IL1R2,0.27688734030197537,0.331
IL1RAP,0.5856213704994158,0.042
IL1RAPL2,-0.2648257839721251,0.663
IL1RL1,1.2296747967479664,0.035
IL1RL2,0.054355400696864065,0.901
IL1RN,1.1091463414634148,0.012
IL2,-0.7142740998838557,0.282
IL21,-0.19731707317073166,0.628
IL21R,-0.2941056910569131,0.076
IL22,-0.08780487804878057,0.914
IL22RA1,-0.0851974448315913,0.837
IL22RA2,0.042409988385598396,0.951
IL23A,-0.4058013937282223,0.453
IL23R,0.07550522648083646,0.931
IL24,1.0686527293844363,0.098
IL25,-0.049756097560975654,0.933
IL26,0.17085365853658718,0.783
IL27,-0.6935772357723584,0.339
IL2RA,0.17202671312427142,0.337
IL2RB,-0.08247386759581943,0.58
IL2RG,-0.026701509872241402,0.944
IL3,-0.05075493612078974,0.924
IL32,0.2765737514517994,0.497
IL34,0.24491869918699027,0.406
IL3RA,0.6812485481997674,0.057
IL4,-0.4369686411149831,0.512
IL4R,0.3505807200929141,0.366
IL5,-0.0646109175377465,0.895
IL5RA,0.08609175377468059,0.94
IL6,1.041475029036003,0.015
IL6R,-0.12001742160278361,0.323
IL6ST,0.23087108013937296,0.122
IL7,0.09313008130081091,0.884
IL7R,0.40610917537746793,0.049
IL9,0.30267711962833843,0.819
ILF3,-0.05271777003484246,0.517
INPP5D,0.20566782810685247,0.54
IRAK1,0.4531533101045291,0.001
IRAK2,0.5302613240418124,0.077
IRAK4,-0.15152148664343912,0.08
IRF1,0.04814750290360337,0.887
IRF2,0.235911730545876,0.384
IRF3,-0.24480836236933534,0.251
IRF4,-0.15034262485482053,0.426
IRF5,0.04670150987224275,0.668
IRF7,-0.15767131242741073,0.309
IRF8,-0.430632984901278,0.003
IRGM,0.1280952380952387,0.844
ISG15,-0.03475609756097242,0.884
ISG20,-0.36010452961672357,0.019
ITCH,0.17076655052264833,0.064
ITGA1,0.9549245063879219,0.012
ITGA2,0.3543960511033677,0.457
ITGA2B,-0.19356562137049949,0.763
ITGA4,-0.2844367015098719,0.027
ITGA5,1.413414634146342,0.0
ITGA6,0.011852497096398906,0.936
ITGAE,0.465400696864112,0.186
ITGAL,-0.5185714285714305,0.002
ITGAM,0.8076074332171874,0.001
ITGAX,0.5315331010452944,0.032
ITGB1,0.5835249709639978,0.0
ITGB2,0.16475029036004685,0.356
ITGB3,1.1573344947735196,0.016
ITGB4,0.5909814169570264,0.068
ITK,-0.44648083623693324,0.022
JAK1,-0.10079558652729403,0.255
JAK2,0.05478513356561798,0.629
JAK3,-0.23925087108013976,0.314
JAM3,0.3664459930313573,0.048
KIR3DL1,-0.41149825783972127,0.436
KIR3DL2,0.42228803716608576,0.568
KIR3DL3,-0.11197444831591175,0.858
KIT,-0.0865389082462249,0.855
KLRB1,-0.17947154471544735,0.626
KLRC1,-0.07628339140534379,0.856
KLRC2,-0.15056329849012684,0.783
KLRD1,0.06912311265969784,0.898
KLRF1,-0.704477351916375,0.204
KLRG1,-0.22290940766550538,0.499
KLRK1,-0.04483159117305213,0.856
LAG3,-0.2440882694541262,0.474
LAIR2,-0.2235946573751466,0.258
LAMP1,0.4197967479674851,0.002
LAMP2,0.13474448315911403,0.262
LAMP3,0.6633855981416961,0.184
LBP,0.29761324041811843,0.749
LCK,-0.2782636469221842,0.159
LCN2,-0.07555168408826973,0.93
LCP1,0.20433217189314945,0.381
LGALS3,0.8547909407665522,0.005
LIF,1.1710336817653895,0.031
LILRA1,-0.3137921022067358,0.454
LILRA4,-1.2944308943089418,0.005
LILRA5,0.2312369337979101,0.554
LILRB1,0.9704761904761909,0.076
LILRB2,0.21180023228803613,0.451
LILRB3,0.6567479674796761,0.084
LRP1,1.118379790940768,0.0
LRRN3,-0.35126596980255487,0.598
LTA,-0.06254355400697165,0.736
LTB,-0.80191056910569,0.002
LTBR,0.5355632984901266,0.007
LTF,-0.41159117305458714,0.409
LTK,0.14833333333333165,0.768
LY86,-0.3021951219512191,0.313
LY9,-0.3705981416957034,0.199
LY96,0.20103948896631785,0.509
LYN,0.16961672473867218,0.653
MAF,-0.16869337979093935,0.273
MAGEA1,-0.02591173054587692,0.945
MAGEA12,0.054924506387921124,0.927
MAGEA3,-0.1218931475029037,0.843
MAGEA4,0.12894889663182285,0.849
MAGEB2,0.35488966318234727,0.583
MAGEC1,-0.03049361207897805,0.969
MAGEC2,-0.03501161440185818,0.987
MAP2K1,0.2095063879210226,0.127
MAP2K2,-0.0840824622531926,0.457
MAP2K4,0.39129500580719956,0.145
MAP3K1,0.3766782810685285,0.391
MAP3K5,-0.21576655052265004,0.051
MAP3K7,0.20510452961672598,0.233
MAP4K2,-0.13057491289198708,0.422
MAPK1,0.5229732868757271,0.173
MAPK11,0.03935540069686372,0.868
MAPK14,-0.09404761904761827,0.499
MAPK3,0.2572938443670143,0.25
MAPK8,0.4806039488966318,0.062
MAPKAPK2,0.4252206736353088,0.069
MARCO,0.8419976771196289,0.073
MASP1,-0.2566434378629501,0.655
MASP2,-0.022270615563298568,0.934
MAVS,0.2724332171893149,0.08
MBL2,0.02224157955865269,0.994
MCAM,1.0269628339140517,0.0
MEF2C,0.208257839721254,0.475
MEFV,0.9658652729384434,0.098
MERTK,1.3152671312427398,0.009
MFGE8,0.48581300813008177,0.035
MICA,0.291637630662021,0.288
MICB,-0.008519163763066828,0.898
MIF,0.6727061556329836,0.021
MME,1.6718931475029049,0.014
MNX1,-0.13437282229965164,0.807
MPPED1,-0.2263008130081301,0.782
MR1,0.6611033681765388,0.129
MRC1,0.706695702671313,0.116
MRPS5,0.13811846689895368,0.148
MS4A1,-0.6984262485481985,0.03
MS4A2,-0.33965156794425067,0.559
MSR1,1.0385423925667823,0.072
MST1R,0.3708943089430887,0.442
MTMR14,0.00016840882694602044,0.98
MUC1,1.1319454123112669,0.002
MX1,-0.24331010452961443,0.289
MYD88,-0.048722415795586116,0.606
NCAM1,0.7318466898954705,0.192
NCF4,0.017793263646924018,0.908
NCR1,-0.3447677119628345,0.412
NEFL,0.13441347270615567,0.852
NFATC1,0.05005807200929269,0.763
NFATC2,-0.22793844367014948,0.065
NFATC3,0.4046980255516832,0.327
NFATC4,0.7488908246225332,0.007
NFKB1,0.5999303135888514,0.176
NFKB2,0.04304297328687312,0.7
NFKBIA,0.3622706155632951,0.117
NLRC5,-0.21962253193960635,0.026
NLRP3,0.5127816492450661,0.054
NOD1,0.08506387921021918,0.533
NOD2,0.09491289198606268,0.576
NOL7,0.28840301974448224,0.448
NOS2A,0.08869918699187007,0.808
NOTCH1,-0.041800232288037975,0.767
NRP1,0.5393089430894307,0.058
NT5E,-0.02979094076655109,0.911
NUBP1,0.6355052264808361,0.141
NUP107,-0.2073228803716649,0.012
OAS3,0.3380952380952369,0.305
OSM,1.26055168408827,0.006
PASD1,-0.053048780487804925,0.732
PAX5,-0.5997096399535433,0.024
PBK,0.14314750290359957,0.747
PDCD1,0.2048257839721268,0.617
PDCD1LG2,1.0337630662020887,0.022
PDGFC,1.1086527293844384,0.011
PDGFRB,1.171840882694541,0.001
PECAM1,0.8021254355400664,0.036
PIK3CD,-0.12132404181184597,0.339
PIK3CG,-0.2503135888501742,0.02
PIN1,-0.06759001161440104,0.217
PLA2G1B,-0.019134727061556278,0.995
PLA2G6,0.2779616724738663,0.426
PLAU,1.0273809523809554,0.0
PLAUR,0.8891463414634142,0.0
PMCH,-0.7509988385598145,0.252
PNMA1,0.027171893147503567,0.755
POLR2A,-0.24692799070847649,0.036
POU2AF1,-0.3483507549361171,0.198
POU2F2,-0.1858246225319391,0.53
PPARG,0.9721602787456458,0.047
PPBP,0.7081649245063879,0.253
PPIA,0.057183507549362744,0.578
PRAME,-0.759256678281071,0.311
PRF1,-0.20489547038327416,0.308
PRG2,0.0022473867595831365,0.981
PRKCD,0.3290708478513391,0.215
PRKCE,-0.055818815331011074,0.815
PRM1,-0.10189895470383292,0.886
PRPF38A,-0.04724738675957951,0.716
PSEN1,0.7784088269454106,0.133
PSEN2,0.6985307781649244,0.084
PSMB10,-0.21152729384436597,0.048
PSMB7,0.09186411149825524,0.356
PSMB8,0.23949477351916393,0.554
PSMB9,-0.325929152148662,0.022
PSMD7,-0.11959930313588885,0.354
PTGDR2,-0.04432055749128949,0.979
PTGS2,1.0497793263646926,0.046
PTPRC,-0.0016434378629526236,0.963
PVR,0.26145760743321844,0.109
PYCARD,-0.24951219512195166,0.189
RAG1,0.06094657375145185,0.915
REL,0.4421138211382125,0.113
RELA,0.07760162601626241,0.9
RELB,0.5106329849012781,0.131
REPS1,0.6096515679442476,0.168
RIPK2,1.0561962833914071,0.011
ROPN1,0.008286875725900034,0.988
RORA,-0.010377468060395856,0.95
RORC,-0.1470150987224157,0.804
RPS6,-0.07319396051103766,0.562
RRAD,0.18333914053426348,0.74
RUNX1,0.7070267131242769,0.006
RUNX3,-0.043809523809525075,0.724
S100A12,0.6911730545876882,0.32
S100A7,0.06306620209059255,0.909
S100A8,0.7257897793263623,0.063
S100B,-0.25164343786295085,0.505
SAA1,2.5322764227642276,0.0
SAP130,0.42329849012775966,0.109
SBNO2,0.1318060394889642,0.621
SDHA,0.09114982578397246,0.529
SELE,1.1679094076655039,0.111
SELL,-0.8258130081300816,0.0
SELPLG,0.34106271777003627,0.208
SEMG1,-0.052572590011614295,0.94
SERPINB2,-0.08118466898954702,0.84
SERPING1,0.5218060394889665,0.03
SF3A3,-0.01698025551684168,0.795
SH2B2,-0.08423344947735334,0.632
SH2D1A,-0.06551103368176392,0.903
SH2D1B,-0.49491869918699205,0.412
SIGIRR,-0.33317653890824594,0.011
SIGLEC1,0.6051567944250866,0.063
SLAMF1,0.3631765389082471,0.279
SLAMF6,-0.6607897793263682,0.001
SLAMF7,0.12274680603948873,0.651
SLC11A1,1.5583449477351925,0.023
SMAD2,0.7940766550522653,0.085
SMAD3,-0.15505807200929134,0.299
SMPD3,-0.9450813008130092,0.062
SOCS1,0.6778281068525001,0.135
SPA17,0.48759001161440096,0.27
SPACA3,0.049128919860627285,0.944
SPANXB1,-0.04209059233449475,0.922
SPINK5,-0.48220092915214874,0.476
SPN,-0.5227003484320534,0.016
SPO11,-0.003652729384436837,1.0
SPP1,1.6919337979094102,0.002
SSX1,-0.21795005807200907,0.724
SSX4,-0.04389663182346126,0.9
ST6GAL1,-0.005267131242739254,0.982
STAT1,-0.22907665505226227,0.335
STAT2,0.1891986062717752,0.129
STAT3,0.19638792102206892,0.065
STAT4,0.09858304297328857,0.617
STAT5B,0.7144831591173055,0.181
STAT6,-0.1661672473867597,0.143
SYCP1,0.1738675958188156,0.776
SYK,0.3018699186991878,0.218
SYT17,-0.5310104529616724,0.287
TAB1,-0.01654471544715541,0.914
TAL1,0.16502903600464514,0.759
TANK,0.2898896631823469,0.025
TAP1,-0.12155632984900855,0.511
TAP2,-0.1935772357723593,0.131
TAPBP,-0.20233449477351861,0.346
TARP,-0.0010975609756087579,0.992
TBK1,0.27940185830429876,0.01
TBP,0.12300232288036916,0.538
TBX21,-0.09267131242740945,0.816
TCF7,-0.6333333333333329,0.011
TFE3,0.963507549361208,0.018
TFEB,-0.05817073170731746,0.595
TFRC,0.5784030197444832,0.016
TGFB1,-0.23734030197444866,0.26
TGFB2,0.9219279907084785,0.009
THBD,0.3873054587688767,0.043
THBS1,1.204982578397214,0.0
THY1,0.4798083623693348,0.014
TICAM1,0.08333914053426028,0.397
TICAM2,0.7773925667828108,0.078
TIGIT,-0.27790940766550776,0.284
TIRAP,-0.049674796747968486,0.67
TLK2,-0.04818234610917749,0.681
TLR1,0.06541231126596969,0.492
TLR10,-0.46443089430894524,0.134
TLR2,0.6479674796747972,0.002
TLR3,0.5501800232288034,0.397
TLR4,0.517386759581882,0.0
TLR5,0.7028919860627179,0.033
TLR6,0.2774912891986059,0.346
TLR7,-0.8574738675958189,0.008
TLR8,0.5582113821138206,0.168
TLR9,-0.4636527293844379,0.157
TMEFF2,-0.2003252032520324,0.75
TMUB2,0.2975551684088291,0.141
TNF,-0.2910278745644579,0.089
TNFAIP3,0.2813763066202082,0.14
TNFRSF10B,0.1699651567944258,0.184
TNFRSF10C,1.2349535423925682,0.003
TNFRSF11A,-0.08139372822299684,0.882
TNFRSF11B,-0.3129036004645771,0.396
TNFRSF12A,0.7644192799070844,0.094
TNFRSF13B,0.002288037166085388,0.991
TNFRSF13C,-0.6375261324041812,0.057
TNFRSF14,0.2037979094076654,0.217
TNFRSF17,-0.2336236933797915,0.494
TNFRSF18,-0.27578977932636484,0.287
TNFRSF1A,0.3626538908246211,0.001
TNFRSF1B,-0.06919860627177599,0.671
TNFRSF4,-0.005005807200928913,0.997
TNFRSF8,0.10066202090592213,0.747
TNFRSF9,0.505987224157959,0.141
TNFSF10,-0.24947735191637754,0.207
TNFSF11,-0.5748722415795591,0.271
TNFSF12,0.24801393728223076,0.319
TNFSF13,0.11070267131242773,0.666
TNFSF13B,1.018722415795585,0.043
TNFSF14,0.197706155632984,0.275
TNFSF15,0.13312427409988548,0.651
TNFSF18,-0.16146341463414637,0.381
TNFSF4,0.09723577235772218,0.766
TNFSF8,-0.173757259001162,0.531
TOLLIP,0.38777003484320893,0.222
TP53,0.1449128919860616,0.428
TPSAB1,0.4155632984901292,0.311
TPTE,-0.12355981416957018,0.843
TRAF2,0.001957026713126808,0.967
TRAF3,-0.10533101045296256,0.278
TRAF6,0.13542392566782802,0.464
TREM1,2.2888211382113797,0.003
TREM2,0.7029442508710808,0.341
TRIM39,0.48595238095238,0.205
TTK,0.14731707317073273,0.759
TUBB,0.061515679442507576,0.673
TXK,-0.8191405342624867,0.004
TXNIP,-0.14718350754936438,0.371
TYK2,0.6491463414634158,0.101
UBC,0.12328106852497278,0.382
ULBP2,0.09286295005807199,0.891
USP39,0.43501161440185854,0.367
USP9Y,-0.01887921022067296,0.971
VCAM1,0.10727061556329964,0.54
VEGFA,0.9930487804878041,0.0
VEGFC,0.4417363530778182,0.045
XCL2,0.17904761904761912,0.779
XCR1,-0.6049245063879205,0.182
YTHDF2,0.809308943089432,0.053
ZAP70,-0.44574332171893083,0.016
ZC3H14,0.5068350754936137,0.115
ZKSCAN5,0.16279907084785084,0.632
ZNF143,0.7982752613240409,0.094
ZNF205,0.5067770034843209,0.24
ZNF346,0.42481416957026497,0.289
